[
  {
    "FirstName": "Gloria",
    "LastName": "Alexander",
    "SoldProducts": [
      {
        "Name": "Extra Strength Pain Reliever PM",
        "Price": 542.72,
        "FirstName": "Nicole",
        "LastName": "Martinez"
      }
    ]
  },
  {
    "FirstName": "Fred",
    "LastName": "Allen",
    "SoldProducts": [
      {
        "Name": "Pollens - Trees, Birch Mix",
        "Price": 1153.54,
        "FirstName": "Sandra",
        "LastName": "Riley"
      }
    ]
  },
  {
    "FirstName": "Fred",
    "LastName": "Barnes",
    "SoldProducts": [
      {
        "Name": "Wintergreen Isopropyl Alcohol",
        "Price": 1397.57,
        "FirstName": "Patricia",
        "LastName": "Cooper"
      },
      {
        "Name": "Pioglitazone",
        "Price": 306.56,
        "FirstName": "Christine",
        "LastName": "Gomez"
      }
    ]
  },
  {
    "FirstName": null,
    "LastName": "Bennett",
    "SoldProducts": [
      {
        "Name": "Meloxicam",
        "Price": 809.18,
        "FirstName": null,
        "LastName": "Stewart"
      }
    ]
  },
  {
    "FirstName": "Anna",
    "LastName": "Clark",
    "SoldProducts": [
      {
        "Name": "ROPINIROLE HYDROCHLORIDE",
        "Price": 266.44,
        "FirstName": "Nicole",
        "LastName": "Harris"
      },
      {
        "Name": "CD CAPTURE TOTALE Triple Correcting Serum Foundation Wrinkles-Dark Spots-Radiance with sunscreen Broad Spectrum SPF 25 010",
        "Price": 77.23,
        "FirstName": "Brenda",
        "LastName": "Howell"
      }
    ]
  },
  {
    "FirstName": "Patricia",
    "LastName": "Cooper",
    "SoldProducts": [
      {
        "Name": "ropinirole hydrochloride",
        "Price": 103.58,
        "FirstName": "Betty",
        "LastName": "Lawson"
      }
    ]
  },
  {
    "FirstName": null,
    "LastName": "Cunningham",
    "SoldProducts": [
      {
        "Name": "MOIST MOISTURE SKIN TONER",
        "Price": 152.43,
        "FirstName": "Patricia",
        "LastName": "Cooper"
      }
    ]
  },
  {
    "FirstName": "Carl",
    "LastName": "Daniels",
    "SoldProducts": [
      {
        "Name": "SNORING HP",
        "Price": 53.59,
        "FirstName": "Sandra",
        "LastName": "Riley"
      },
      {
        "Name": "allergy eye",
        "Price": 426.91,
        "FirstName": "Anna",
        "LastName": "Clark"
      }
    ]
  },
  {
    "FirstName": "Sarah",
    "LastName": "Day",
    "SoldProducts": [
      {
        "Name": "SEPHORA Acne-Fighting Mattifying Moisturizer",
        "Price": 1019.28,
        "FirstName": "Bonnie",
        "LastName": "Fox"
      },
      {
        "Name": "TRAMADOL HYDROCHLORIDE",
        "Price": 516.48,
        "FirstName": "Gloria",
        "LastName": "Alexander"
      },
      {
        "Name": "PREMIER VALUE ALLERGY",
        "Price": 1127.61,
        "FirstName": "Kathy",
        "LastName": "Gilbert"
      },
      {
        "Name": "PLANTAGO LANCEOLATA POLLEN",
        "Price": 561.68,
        "FirstName": "Betty",
        "LastName": "Lawson"
      },
      {
        "Name": "Triamterene and Hydrochlorothiazide",
        "Price": 1416.59,
        "FirstName": "Eugene",
        "LastName": "Stewart"
      }
    ]
  },
  {
    "FirstName": "Clarence",
    "LastName": "Fowler",
    "SoldProducts": [
      {
        "Name": "Pleo Lat",
        "Price": 720.08,
        "FirstName": null,
        "LastName": "Schmidt"
      },
      {
        "Name": "Leg Cramp Relief",
        "Price": 1345.69,
        "FirstName": "Carl",
        "LastName": "Lawson"
      }
    ]
  },
  {
    "FirstName": null,
    "LastName": "Fox",
    "SoldProducts": [
      {
        "Name": "VITALUMIERE AQUA",
        "Price": 1293.09,
        "FirstName": "Brandon",
        "LastName": "Fuller"
      },
      {
        "Name": "Acid Reducer",
        "Price": 1443.51,
        "FirstName": "Gloria",
        "LastName": "Alexander"
      }
    ]
  },
  {
    "FirstName": "Bonnie",
    "LastName": "Fox",
    "SoldProducts": [
      {
        "Name": "Care One Hemorrhoidal",
        "Price": 932.18,
        "FirstName": "Nicole",
        "LastName": "Martinez"
      },
      {
        "Name": "Spironolactone",
        "Price": 933.69,
        "FirstName": "Nicole",
        "LastName": "Martinez"
      },
      {
        "Name": "Fosphenytoin Sodium",
        "Price": 1334.06,
        "FirstName": "Clarence",
        "LastName": "Fowler"
      },
      {
        "Name": "Archangelica Eucalyptus",
        "Price": 1334.91,
        "FirstName": "Brenda",
        "LastName": "Howell"
      }
    ]
  },
  {
    "FirstName": "Amanda",
    "LastName": "Frazier",
    "SoldProducts": [
      {
        "Name": "Parsley",
        "Price": 519.06,
        "FirstName": null,
        "LastName": "Peterson"
      },
      {
        "Name": "Pleo Ginkgo",
        "Price": 613.65,
        "FirstName": "Christine",
        "LastName": "Gomez"
      },
      {
        "Name": "Ondansetron",
        "Price": 1249.76,
        "FirstName": "Paula",
        "LastName": "Hill"
      }
    ]
  },
  {
    "FirstName": "Brandon",
    "LastName": "Fuller",
    "SoldProducts": [
      {
        "Name": "Clarins Paris Skin Illusion - 114 cappuccino",
        "Price": 811.42,
        "FirstName": null,
        "LastName": "Harrison"
      },
      {
        "Name": "Dover Aminophen",
        "Price": 192.07,
        "FirstName": null,
        "LastName": "Schmidt"
      }
    ]
  },
  {
    "FirstName": "Patricia",
    "LastName": "Fuller",
    "SoldProducts": [
      {
        "Name": "Warfarin Sodium",
        "Price": 770.05,
        "FirstName": null,
        "LastName": "Peterson"
      }
    ]
  },
  {
    "FirstName": "Kathy",
    "LastName": "Gilbert",
    "SoldProducts": [
      {
        "Name": "Diastat",
        "Price": 614.14,
        "FirstName": "Rachel",
        "LastName": "Johnson"
      }
    ]
  },
  {
    "FirstName": "Christine",
    "LastName": "Gomez",
    "SoldProducts": [
      {
        "Name": "AMARANTHUS PALMERI POLLEN",
        "Price": 623.16,
        "FirstName": "Rachel",
        "LastName": "Johnson"
      },
      {
        "Name": "ENBREL",
        "Price": 673.97,
        "FirstName": "Rachel",
        "LastName": "Johnson"
      }
    ]
  },
  {
    "FirstName": null,
    "LastName": "Harrison",
    "SoldProducts": [
      {
        "Name": "Foaming Hand Sanitizer",
        "Price": 624.72,
        "FirstName": "Wanda",
        "LastName": "Harris"
      }
    ]
  },
  {
    "FirstName": "Diana",
    "LastName": "Harvey",
    "SoldProducts": [
      {
        "Name": "Imipramine Hydrochloride",
        "Price": 648.69,
        "FirstName": null,
        "LastName": "Schmidt"
      }
    ]
  },
  {
    "FirstName": "Jean",
    "LastName": "Henry",
    "SoldProducts": [
      {
        "Name": "Amlodipine Besylate",
        "Price": 122.57,
        "FirstName": "Fred",
        "LastName": "Allen"
      },
      {
        "Name": "CVS Therapeutic Menthol Pain Reliever",
        "Price": 1033.42,
        "FirstName": "Bonnie",
        "LastName": "Fox"
      },
      {
        "Name": "AIR",
        "Price": 581.69,
        "FirstName": "Carl",
        "LastName": "Lawson"
      },
      {
        "Name": "Aspirin",
        "Price": 925.45,
        "FirstName": "Betty",
        "LastName": "Ward"
      }
    ]
  },
  {
    "FirstName": "Paula",
    "LastName": "Hill",
    "SoldProducts": [
      {
        "Name": "Glipizide and Metformin Hydrochloride",
        "Price": 953.60,
        "FirstName": "Rachel",
        "LastName": "Johnson"
      },
      {
        "Name": "GOONG SECRET CALMING BATH",
        "Price": 742.47,
        "FirstName": "Chris",
        "LastName": "Mitchell"
      },
      {
        "Name": "Shopko Lip Treatment",
        "Price": 861.42,
        "FirstName": "Anna",
        "LastName": "Parker"
      },
      {
        "Name": "LANEIGE MYSTIC VEIL FOUNDATION",
        "Price": 20.86,
        "FirstName": null,
        "LastName": "Fox"
      },
      {
        "Name": "cough and sore throat",
        "Price": 1482.68,
        "FirstName": "Marie",
        "LastName": "Williamson"
      },
      {
        "Name": "Fair Foundation SPF 15",
        "Price": 1394.24,
        "FirstName": "Gary",
        "LastName": "Stevens"
      }
    ]
  },
  {
    "FirstName": "Brenda",
    "LastName": "Howell",
    "SoldProducts": [
      {
        "Name": "Gilotrif",
        "Price": 1454.77,
        "FirstName": "Brenda",
        "LastName": "Howell"
      }
    ]
  },
  {
    "FirstName": "Rachel",
    "LastName": "Johnson",
    "SoldProducts": [
      {
        "Name": "PANTOPRAZOLE SODIUM",
        "Price": 293.89,
        "FirstName": null,
        "LastName": "Stewart"
      }
    ]
  },
  {
    "FirstName": "Patrick",
    "LastName": "King",
    "SoldProducts": [
      {
        "Name": "Warfarin Sodium",
        "Price": 138.83,
        "FirstName": "Sandra",
        "LastName": "Riley"
      },
      {
        "Name": "smart sense nicotine",
        "Price": 1444.12,
        "FirstName": "Nicole",
        "LastName": "Martinez"
      },
      {
        "Name": "leader pain reliever",
        "Price": 1179.79,
        "FirstName": "Brandon",
        "LastName": "Fuller"
      }
    ]
  },
  {
    "FirstName": "Betty",
    "LastName": "Lawson",
    "SoldProducts": [
      {
        "Name": "LBEL Couleur Luxe Rouge Amplifier XP amplifying SPF 15",
        "Price": 1069.43,
        "FirstName": "Betty",
        "LastName": "Lawson"
      },
      {
        "Name": "Etodolac",
        "Price": 1443.13,
        "FirstName": "Clarence",
        "LastName": "Fowler"
      }
    ]
  },
  {
    "FirstName": "Carl",
    "LastName": "Lawson",
    "SoldProducts": [
      {
        "Name": "Head and Shoulders Conditioner",
        "Price": 1099.59,
        "FirstName": null,
        "LastName": "Moreno"
      },
      {
        "Name": "ENALAPRIL MALEATE",
        "Price": 210.42,
        "FirstName": "Rachel",
        "LastName": "Johnson"
      }
    ]
  },
  {
    "FirstName": "Chris",
    "LastName": "Mitchell",
    "SoldProducts": [
      {
        "Name": "Gemcitabine",
        "Price": 594.79,
        "FirstName": "Nicole",
        "LastName": "Harris"
      }
    ]
  },
  {
    "FirstName": null,
    "LastName": "Moreno",
    "SoldProducts": [
      {
        "Name": "kirkland signature minoxidil",
        "Price": 49.17,
        "FirstName": "Brenda",
        "LastName": "Howell"
      }
    ]
  },
  {
    "FirstName": "Joshua",
    "LastName": "Murray",
    "SoldProducts": [
      {
        "Name": "Isosorbide Mononitrate",
        "Price": 789.91,
        "FirstName": "Nicole",
        "LastName": "Martinez"
      },
      {
        "Name": "smart sense nighttime cold and flu relief",
        "Price": 1101.77,
        "FirstName": "Rachel",
        "LastName": "Johnson"
      },
      {
        "Name": "LV-FX",
        "Price": 820.87,
        "FirstName": "Betty",
        "LastName": "Lawson"
      },
      {
        "Name": "Enchanted Moments Mistletoe Kisses Hand Sanitizer",
        "Price": 384.99,
        "FirstName": null,
        "LastName": "Mitchell"
      }
    ]
  },
  {
    "FirstName": "Anna",
    "LastName": "Parker",
    "SoldProducts": [
      {
        "Name": "CEDAX",
        "Price": 342.86,
        "FirstName": null,
        "LastName": "Stewart"
      },
      {
        "Name": "Trihexyphenidyl Hydrochloride",
        "Price": 64.88,
        "FirstName": "Nicole",
        "LastName": "Harris"
      },
      {
        "Name": "Aspergillus repens",
        "Price": 1231.42,
        "FirstName": "Fred",
        "LastName": "Barnes"
      }
    ]
  },
  {
    "FirstName": "Billy",
    "LastName": "Parker",
    "SoldProducts": [
      {
        "Name": "Glipizide",
        "Price": 621.78,
        "FirstName": "Betty",
        "LastName": "Lawson"
      },
      {
        "Name": "pain relief",
        "Price": 938.23,
        "FirstName": "Chris",
        "LastName": "Mitchell"
      },
      {
        "Name": "Labetalol Hydrochloride",
        "Price": 1345.11,
        "FirstName": null,
        "LastName": "Mitchell"
      },
      {
        "Name": "Hydralazine Hydrochloride",
        "Price": 1309.72,
        "FirstName": null,
        "LastName": "Bennett"
      }
    ]
  },
  {
    "FirstName": "Emily",
    "LastName": "Parker",
    "SoldProducts": [
      {
        "Name": "NEO-POLY-BAC HYDRO",
        "Price": 967.32,
        "FirstName": "Patrick",
        "LastName": "King"
      },
      {
        "Name": "Peter Island Continous sunscreen kids",
        "Price": 471.30,
        "FirstName": "Gloria",
        "LastName": "Alexander"
      },
      {
        "Name": "Acnezzol Base",
        "Price": 710.60,
        "FirstName": "Patricia",
        "LastName": "Cooper"
      }
    ]
  },
  {
    "FirstName": "Christina",
    "LastName": "Patterson",
    "SoldProducts": [
      {
        "Name": "Air",
        "Price": 331.53,
        "FirstName": "Anna",
        "LastName": "Parker"
      }
    ]
  },
  {
    "FirstName": "Jacqueline",
    "LastName": "Perez",
    "SoldProducts": [
      {
        "Name": "MEDICATED DANDRUFF",
        "Price": 1351.02,
        "FirstName": "Bonnie",
        "LastName": "Fox"
      },
      {
        "Name": "Ringers",
        "Price": 1054.37,
        "FirstName": null,
        "LastName": "Moreno"
      },
      {
        "Name": "Effervescent Cold Relief",
        "Price": 1436.07,
        "FirstName": null,
        "LastName": "Cunningham"
      },
      {
        "Name": "Allopurinol",
        "Price": 336.81,
        "FirstName": "Benjamin",
        "LastName": "Henry"
      },
      {
        "Name": "Aspen",
        "Price": 1046.46,
        "FirstName": "Carl",
        "LastName": "Daniels"
      }
    ]
  },
  {
    "FirstName": "Arthur",
    "LastName": "Reynolds",
    "SoldProducts": [
      {
        "Name": "Levothyroxine Sodium",
        "Price": 885.86,
        "FirstName": "Benjamin",
        "LastName": "Henry"
      },
      {
        "Name": "Nighttime Sleep Aid",
        "Price": 1217.11,
        "FirstName": "Wanda",
        "LastName": "Harris"
      }
    ]
  },
  {
    "FirstName": "Jennifer",
    "LastName": "Riley",
    "SoldProducts": [
      {
        "Name": "Childrens Allegra Allergy",
        "Price": 650.97,
        "FirstName": "Gloria",
        "LastName": "Alexander"
      },
      {
        "Name": "ERYTHROMYCIN Base Filmtab",
        "Price": 117.84,
        "FirstName": "Marie",
        "LastName": "Williamson"
      },
      {
        "Name": "Etoposide",
        "Price": 1483.96,
        "FirstName": "Jennifer",
        "LastName": "Riley"
      },
      {
        "Name": "Budpak Hemorrhoid Anesthetic",
        "Price": 1499.29,
        "FirstName": "Amanda",
        "LastName": "Frazier"
      },
      {
        "Name": "Allopurinol",
        "Price": 518.50,
        "FirstName": "Carl",
        "LastName": "Lawson"
      },
      {
        "Name": "Pollens - Weeds and Garden Plants, Scotch Broom Cytisus scoparius",
        "Price": 135.82,
        "FirstName": "Fred",
        "LastName": "Barnes"
      },
      {
        "Name": "Americaine",
        "Price": 1165.75,
        "FirstName": "Gary",
        "LastName": "Stevens"
      },
      {
        "Name": "ziprasidone hydrochloride",
        "Price": 628.66,
        "FirstName": "Billy",
        "LastName": "Parker"
      }
    ]
  },
  {
    "FirstName": "Jonathan",
    "LastName": "Rodriguez",
    "SoldProducts": [
      {
        "Name": "Megestrol Acetate",
        "Price": 976.15,
        "FirstName": null,
        "LastName": "Moreno"
      },
      {
        "Name": "RESCRIPTOR",
        "Price": 850.52,
        "FirstName": "Betty",
        "LastName": "Lawson"
      },
      {
        "Name": "TYLENOL COLD MULTI-SYMPTOM DAYTIME",
        "Price": 1010.81,
        "FirstName": "Brenda",
        "LastName": "Howell"
      }
    ]
  },
  {
    "FirstName": null,
    "LastName": "Schmidt",
    "SoldProducts": [
      {
        "Name": "Labetalol hydrochloride",
        "Price": 436.38,
        "FirstName": null,
        "LastName": "Moreno"
      }
    ]
  },
  {
    "FirstName": "Thomas",
    "LastName": "Snyder",
    "SoldProducts": [
      {
        "Name": "BareMinerals Golden Tan matte",
        "Price": 110.93,
        "FirstName": "Rachel",
        "LastName": "Johnson"
      },
      {
        "Name": "Prednisone",
        "Price": 1285.99,
        "FirstName": "Sandra",
        "LastName": "Riley"
      },
      {
        "Name": "Ranitidine",
        "Price": 926.64,
        "FirstName": "Brandon",
        "LastName": "Fuller"
      }
    ]
  },
  {
    "FirstName": "Ann",
    "LastName": "Stevens",
    "SoldProducts": [
      {
        "Name": "Metaxalone",
        "Price": 79.94,
        "FirstName": null,
        "LastName": "Mitchell"
      },
      {
        "Name": "DIPYRIDAMOLE",
        "Price": 1150.67,
        "FirstName": "Gloria",
        "LastName": "Alexander"
      }
    ]
  },
  {
    "FirstName": "Gary",
    "LastName": "Stevens",
    "SoldProducts": [
      {
        "Name": "CHAMOMILLA",
        "Price": 37.97,
        "FirstName": null,
        "LastName": "Stewart"
      }
    ]
  },
  {
    "FirstName": null,
    "LastName": "Stewart",
    "SoldProducts": [
      {
        "Name": "No7 Protect and Perfect Foundation Sunscreen Broad Spectrum SPF 15 Cool Ivory",
        "Price": 616.19,
        "FirstName": "Nicole",
        "LastName": "Harris"
      },
      {
        "Name": "MEDI-FIRST Non-Aspirin",
        "Price": 1301.28,
        "FirstName": null,
        "LastName": "Harrison"
      },
      {
        "Name": "CALMING DIAPER RASH",
        "Price": 700.92,
        "FirstName": "Nicole",
        "LastName": "Martinez"
      }
    ]
  },
  {
    "FirstName": "Eugene",
    "LastName": "Stewart",
    "SoldProducts": [
      {
        "Name": "Fexofenadine HCl and Pseudoephedrine HCI",
        "Price": 73.07,
        "FirstName": "Wanda",
        "LastName": "Harris"
      },
      {
        "Name": "equaline",
        "Price": 520.45,
        "FirstName": "Fred",
        "LastName": "Allen"
      },
      {
        "Name": "PRIMAXIN",
        "Price": 686.66,
        "FirstName": "Gary",
        "LastName": "Stevens"
      },
      {
        "Name": "Gehwol med Lipidro",
        "Price": 421.24,
        "FirstName": "Christine",
        "LastName": "Gomez"
      }
    ]
  },
  {
    "FirstName": null,
    "LastName": "Thompson",
    "SoldProducts": [
      {
        "Name": "Agaricus Equisetum Special Order",
        "Price": 585.93,
        "FirstName": "Rachel",
        "LastName": "Johnson"
      },
      {
        "Name": "ISOPROPYL ALCOHOL",
        "Price": 339.48,
        "FirstName": null,
        "LastName": "Thompson"
      }
    ]
  },
  {
    "FirstName": "Betty",
    "LastName": "Ward",
    "SoldProducts": [
      {
        "Name": "Myristica Argentum Sinus Relief",
        "Price": 904.52,
        "FirstName": null,
        "LastName": "Thompson"
      },
      {
        "Name": "Pollens - Weeds and Garden Plants, Nettle Urtica dioica",
        "Price": 782.77,
        "FirstName": "Christine",
        "LastName": "Gomez"
      },
      {
        "Name": "Butalbital, Aspirin and Caffeine",
        "Price": 1010.98,
        "FirstName": "Betty",
        "LastName": "Ward"
      }
    ]
  },
  {
    "FirstName": "Marie",
    "LastName": "Williamson",
    "SoldProducts": [
      {
        "Name": "ESIKA",
        "Price": 879.37,
        "FirstName": "Rachel",
        "LastName": "Johnson"
      }
    ]
  },
  {
    "FirstName": "Jeremy",
    "LastName": "Woods",
    "SoldProducts": [
      {
        "Name": "Warfarin Sodium",
        "Price": 1379.79,
        "FirstName": null,
        "LastName": "Schmidt"
      },
      {
        "Name": "Moore Medical Sinus Pain and Pressure Relief",
        "Price": 855.39,
        "FirstName": "Jonathan",
        "LastName": "Rodriguez"
      },
      {
        "Name": "Baza Antifungal",
        "Price": 1162.34,
        "FirstName": "Rachel",
        "LastName": "Johnson"
      },
      {
        "Name": "ANXIETY/STRESS RELIEF",
        "Price": 324.66,
        "FirstName": "Benjamin",
        "LastName": "Henry"
      }
    ]
  }
]